{
    "version": 1,
    "timestamp": "2025-12-01 00:59:54",
    "train_loss": 1.6705141067504883,
    "val_loss": 110.3545150756836,
    "metrics": null,
    "hyperparams": {
        "model": "TCN",
        "epochs": 20,
        "lr": 0.001,
        "batch_size": 64
    }
}